passenger_id,first_name,last_name,date_of_birth,email,phone_number
501,John,Doe,1985-05-15,john.doe@example.com,555-1234
502,Jane,Smith,1990-08-22,jane.smith@example.com,555-5678
503,Michael,Brown,1975-12-02,michael.brown@example.com,555-8765
504,Emily,Davis,1988-03-10,emily.davis@example.com,555-4321
505,William,Johnson,1992-07-19,william.johnson@example.com,555-1357
506,Olivia,Wilson,1987-09-05,olivia.wilson@example.com,555-2468
507,Liam,Martinez,1995-11-23,liam.martinez@example.com,555-9753
508,Emma,Anderson,1983-02-14,emma.anderson@example.com,555-8642
509,Noah,Thomas,1978-06-30,noah.thomas@example.com,555-7531
510,Ava,Jackson,1991-10-12,ava.jackson@example.com,555-1597
511,James,White,1986-04-18,james.white@example.com,555-3579
512,Sophia,Harris,1993-12-27,sophia.harris@example.com,555-4862
513,Benjamin,Clark,1980-01-07,benjamin.clark@example.com,555-2581
514,Isabella,Lewis,1994-05-21,isabella.lewis@example.com,555-3698
515,Lucas,Robinson,1982-08-16,lucas.robinson@example.com,555-7412
516,Mia,Walker,1989-11-03,mia.walker@example.com,555-8523
517,Mason,Young,1977-02-25,mason.young@example.com,555-9630
518,Charlotte,Allen,1996-06-08,charlotte.allen@example.com,555-1470
519,Ethan,King,1984-09-14,ethan.king@example.com,555-2580
520,Amelia,Wright,1990-12-05,amelia.wright@example.com,555-3690